y,ds
0,2023-04-12
0,2023-04-12
0,2023-04-12
0,2023-04-12
0,2023-04-12
0,2023-04-12
0,2023-04-12
0,2023-04-12
0,2023-04-12
0,2023-04-12
0,2023-04-12
0,2023-04-12
0,2023-04-12
0,2023-04-12
0,2023-04-12
0,2023-04-12
0,2023-04-12
0,2023-04-12
0,2023-04-12
0,2023-04-12
0,2023-04-12
0,2023-04-12
0,2023-04-12
0,2023-04-12
0,2023-04-12
0,2023-04-12
0,2023-04-12
0,2023-04-12
0,2023-04-12
0,2023-04-12
0,2023-04-12
0,2023-04-12
0,2023-04-12
0,2023-04-12
0,2023-04-12
0,2023-04-12
0,2023-04-12
0,2023-04-12
0,2023-04-12
0,2023-04-12
0,2023-04-12
0,2023-04-12
0,2023-04-12
0,2023-04-12
0,2023-04-12
0,2023-04-12
0,2023-04-12
0,2023-04-12
0,2023-04-12
0,2023-04-12
0,2023-04-12
0,2023-04-12
0,2023-04-12
0,2023-04-12
0,2023-04-12
0,2023-04-12
0,2023-04-12
0,2023-04-12
0,2023-04-12
0,2023-04-12
0,2023-04-12
0,2023-04-12
0,2023-04-12
0,2023-04-12
0,2023-04-12
0,2023-04-12
0,2023-04-12
0,2023-04-12
0,2023-04-12
0,2023-04-12
0,2023-04-12
0,2023-04-12
0,2023-04-12
0,2023-04-12
0,2023-04-12
0,2023-04-12
0,2023-04-12
0,2023-04-12
0,2023-04-12
0,2023-04-12
0,2023-04-12
0,2023-04-12
0,2023-04-12
0,2023-04-12
0,2023-04-12
0,2023-04-12
0,2023-04-12
0,2023-04-12
0,2023-04-12
0,2023-04-12
0,2023-04-12
0,2023-04-12
0,2023-04-12
0,2023-04-12
0,2023-04-12
0,2023-04-12
0,2023-04-12
0,2023-04-12
0,2023-04-12
0,2023-04-12
0,2023-04-12
0,2023-04-12
0,2023-04-12
0,2023-04-12
0,2023-04-12
0,2023-04-12
0,2023-04-12
0,2023-04-12
0,2023-04-12
0,2023-04-12
0,2023-04-12
0,2023-04-12
0,2023-04-12
0,2023-04-12
0,2023-04-12
0,2023-04-12
0,2023-04-12
0,2023-04-12
0,2023-04-12
0,2023-04-12
0,2023-04-12
0,2023-04-12
0,2023-04-12
0,2023-04-12
0,2023-04-12
0,2023-04-12
0,2023-04-12
0,2023-04-12
0,2023-04-12
0,2023-04-12
0,2023-04-12
0,2023-04-12
0,2023-04-12
0,2023-04-12
0,2023-04-12
0,2023-04-12
0,2023-04-12
0,2023-04-12
0,2023-04-12
0,2023-04-12
0,2023-04-12
0,2023-04-12
0,2023-04-12
0,2023-04-12
0,2023-04-12
0,2023-04-12
0,2023-04-12
0,2023-04-12
0,2023-04-12
0,2023-04-12
0,2023-04-12
0,2023-04-12
0,2023-04-12
0,2023-04-12
0,2023-04-12
0,2023-04-12
0,2023-04-12
0,2023-04-12
0,2023-04-12
0,2023-04-12
0,2023-04-12
0,2023-04-12
0,2023-04-12
0,2023-04-12
0,2023-04-12
0,2023-04-12
0,2023-04-12
0,2023-04-12
0,2023-04-12
0,2023-04-12
0,2023-04-12
0,2023-04-12
0,2023-04-12
0,2023-04-12
0,2023-04-12
0,2023-04-12
0,2023-04-12
0,2023-04-12
0,2023-04-12
0,2023-04-12
0,2023-04-12
0,2023-04-12
0,2023-04-12
0,2023-04-12
0,2023-04-12
0,2023-04-12
0,2023-04-12
0,2023-04-12
0,2023-04-12
0,2023-04-11
0,2023-04-11
0,2023-04-11
0,2023-04-11
0,2023-04-11
0,2023-04-11
0,2023-04-11
0,2023-04-11
0,2023-04-11
0,2023-04-11
0,2023-04-11
0,2023-04-11
0,2023-04-11
0,2023-04-11
0,2023-04-11
0,2023-04-11
0,2023-04-11
0,2023-04-11
0,2023-04-11
0,2023-04-11
0,2023-04-11
0,2023-04-11
0,2023-04-11
0,2023-04-11
0,2023-04-11
0,2023-04-11
0,2023-04-11
0,2023-04-11
0,2023-04-11
0,2023-04-11
0,2023-04-11
0,2023-04-11
0,2023-04-11
0,2023-04-11
0,2023-04-11
0,2023-04-11
0,2023-04-11
0,2023-04-11
0,2023-04-11
0,2023-04-11
0,2023-04-11
0,2023-04-11
0,2023-04-11
0,2023-04-11
0,2023-04-11
0,2023-04-11
0,2023-04-11
0,2023-04-11
0,2023-04-11
0,2023-04-11
0,2023-04-11
0,2023-04-11
0,2023-04-11
0,2023-04-11
0,2023-04-11
0,2023-04-11
0,2023-04-11
0,2023-04-11
0,2023-04-11
0,2023-04-11
0,2023-04-11
0,2023-04-11
0,2023-04-11
0,2023-04-11
0,2023-04-11
0,2023-04-11
0,2023-04-11
0,2023-04-11
0,2023-04-11
0,2023-04-11
0,2023-04-11
0,2023-04-11
0,2023-04-11
0,2023-04-11
0,2023-04-11
0,2023-04-11
0,2023-04-11
0,2023-04-11
0,2023-04-11
0,2023-04-11
0,2023-04-11
0,2023-04-11
0,2023-04-11
0,2023-04-11
0,2023-04-11
0,2023-04-11
0,2023-04-11
0,2023-04-11
0,2023-04-11
0,2023-04-11
0,2023-04-11
0,2023-04-11
0,2023-04-11
0,2023-04-11
0,2023-04-11
0,2023-04-11
0,2023-04-11
0,2023-04-11
0,2023-04-11
0,2023-04-11
0,2023-04-11
0,2023-04-11
0,2023-04-11
0,2023-04-11
0,2023-04-11
0,2023-04-11
0,2023-04-11
0,2023-04-11
0,2023-04-11
0,2023-04-11
0,2023-04-11
0,2023-04-11
0,2023-04-11
0,2023-04-11
0,2023-04-11
0,2023-04-11
0,2023-04-11
0,2023-04-11
0,2023-04-11
0,2023-04-11
0,2023-04-11
0,2023-04-11
0,2023-04-11
0,2023-04-11
0,2023-04-11
0,2023-04-11
0,2023-04-11
0,2023-04-11
0,2023-04-11
0,2023-04-11
0,2023-04-11
0,2023-04-11
0,2023-04-11
0,2023-04-11
0,2023-04-11
0,2023-04-11
0,2023-04-11
0,2023-04-11
0,2023-04-11
0,2023-04-11
0,2023-04-11
0,2023-04-11
0,2023-04-11
0,2023-04-11
0,2023-04-11
0,2023-04-11
0,2023-04-11
0,2023-04-11
0,2023-04-11
0,2023-04-11
0,2023-04-11
0,2023-04-11
0,2023-04-11
0,2023-04-11
0,2023-04-11
0,2023-04-11
0,2023-04-11
0,2023-04-11
0,2023-04-11
0,2023-04-11
0,2023-04-11
0,2023-04-11
0,2023-04-11
0,2023-04-11
0,2023-04-11
0,2023-04-11
0,2023-04-11
0,2023-04-11
0,2023-04-11
0,2023-04-11
0,2023-04-11
0,2023-04-11
0,2023-04-11
0,2023-04-11
0,2023-04-11
0,2023-04-11
0,2023-04-11
0,2023-04-11
0,2023-04-11
0,2023-04-11
0,2023-04-11
0,2023-04-11
0,2023-04-11
0,2023-04-11
0,2023-04-11
0,2023-04-11
0,2023-04-11
0,2023-04-11
0,2023-04-11
0,2023-04-11
0,2023-04-11
0,2023-04-11
0,2023-04-11
0,2023-04-11
0,2023-04-11
0,2023-04-11
0,2023-04-11
0,2023-04-11
0,2023-04-11
0,2023-04-11
0,2023-04-11
0,2023-04-11
0,2023-04-11
0,2023-04-11
0,2023-04-11
0,2023-04-11
0,2023-04-11
0,2023-04-11
0,2023-04-11
0,2023-04-11
0,2023-04-11
0,2023-04-11
0,2023-04-11
0,2023-04-11
0,2023-04-11
0,2023-04-11
0,2023-04-11
0,2023-04-11
0,2023-04-11
0,2023-04-11
0,2023-04-11
0,2023-04-11
0,2023-04-11
0,2023-04-11
0,2023-04-11
0,2023-04-11
0,2023-04-11
0,2023-04-11
0,2023-04-11
0,2023-04-11
0,2023-04-11
0,2023-04-11
0,2023-04-11
0,2023-04-11
0,2023-04-11
0,2023-04-11
0,2023-04-11
0,2023-04-11
0,2023-04-11
0,2023-04-11
0,2023-04-11
0,2023-04-11
0,2023-04-11
0,2023-04-11
0,2023-04-11
0,2023-04-11
0,2023-04-11
0,2023-04-11
0,2023-04-11
0,2023-04-11
0,2023-04-11
0,2023-04-11
0,2023-04-11
0,2023-04-11
0,2023-04-11
0,2023-04-11
0,2023-04-11
0,2023-04-11
0,2023-04-11
0,2023-04-11
0,2023-04-11
0,2023-04-11
0,2023-04-11
0,2023-04-11
0,2023-04-11
0,2023-04-11
0,2023-04-11
0,2023-04-11
0,2023-04-11
0,2023-04-11
0,2023-04-11
0,2023-04-11
0,2023-04-11
0,2023-04-11
0,2023-04-11
0,2023-04-11
0,2023-04-11
0,2023-04-11
0,2023-04-11
0,2023-04-11
0,2023-04-11
0,2023-04-11
0,2023-04-11
0,2023-04-11
0,2023-04-11
0,2023-04-11
0,2023-04-11
0,2023-04-11
0,2023-04-10
0,2023-04-10
0,2023-04-10
0,2023-04-10
0,2023-04-10
0,2023-04-10
0,2023-04-10
0,2023-04-10
0,2023-04-10
0,2023-04-10
0,2023-04-10
0,2023-04-10
0,2023-04-10
0,2023-04-10
0,2023-04-10
0,2023-04-10
0,2023-04-10
0,2023-04-10
0,2023-04-10
0,2023-04-10
0,2023-04-10
0,2023-04-10
0,2023-04-10
0,2023-04-10
0,2023-04-10
0,2023-04-10
0,2023-04-10
0,2023-04-10
0,2023-04-10
0,2023-04-10
0,2023-04-10
0,2023-04-10
0,2023-04-10
0,2023-04-10
0,2023-04-10
0,2023-04-10
0,2023-04-10
0,2023-04-10
0,2023-04-10
0,2023-04-10
0,2023-04-10
0,2023-04-10
0,2023-04-10
0,2023-04-10
0,2023-04-10
0,2023-04-10
0,2023-04-10
0,2023-04-10
0,2023-04-10
0,2023-04-10
0,2023-04-10
0,2023-04-10
0,2023-04-10
0,2023-04-10
0,2023-04-10
0,2023-04-10
0,2023-04-10
0,2023-04-10
0,2023-04-10
0,2023-04-10
0,2023-04-10
0,2023-04-10
0,2023-04-10
0,2023-04-10
0,2023-04-10
0,2023-04-10
0,2023-04-10
0,2023-04-10
0,2023-04-10
0,2023-04-10
0,2023-04-10
0,2023-04-10
0,2023-04-10
0,2023-04-10
0,2023-04-10
0,2023-04-10
0,2023-04-10
0,2023-04-10
0,2023-04-10
0,2023-04-10
0,2023-04-10
0,2023-04-10
0,2023-04-10
0,2023-04-10
0,2023-04-10
0,2023-04-10
0,2023-04-10
0,2023-04-10
0,2023-04-10
0,2023-04-10
0,2023-04-10
0,2023-04-10
0,2023-04-10
0,2023-04-10
0,2023-04-10
0,2023-04-10
0,2023-04-10
0,2023-04-10
0,2023-04-10
0,2023-04-10
0,2023-04-10
0,2023-04-10
0,2023-04-10
0,2023-04-10
0,2023-04-10
0,2023-04-10
0,2023-04-10
0,2023-04-10
0,2023-04-10
0,2023-04-10
0,2023-04-10
0,2023-04-10
0,2023-04-10
0,2023-04-10
0,2023-04-10
0,2023-04-10
0,2023-04-10
0,2023-04-10
0,2023-04-10
0,2023-04-10
0,2023-04-10
0,2023-04-10
0,2023-04-10
0,2023-04-10
0,2023-04-10
0,2023-04-10
0,2023-04-10
0,2023-04-10
0,2023-04-10
0,2023-04-10
0,2023-04-10
0,2023-04-10
0,2023-04-10
0,2023-04-10
0,2023-04-10
0,2023-04-10
0,2023-04-10
0,2023-04-10
0,2023-04-10
0,2023-04-10
0,2023-04-10
0,2023-04-10
0,2023-04-10
0,2023-04-10
0,2023-04-10
0,2023-04-10
0,2023-04-10
0,2023-04-10
0,2023-04-10
0,2023-04-10
0,2023-04-10
0,2023-04-10
0,2023-04-10
0,2023-04-10
0,2023-04-10
0,2023-04-10
0,2023-04-10
0,2023-04-10
0,2023-04-10
0,2023-04-10
0,2023-04-10
0,2023-04-10
0,2023-04-10
0,2023-04-10
0,2023-04-10
0,2023-04-10
0,2023-04-10
0,2023-04-10
0,2023-04-10
0,2023-04-10
0,2023-04-10
0,2023-04-10
0,2023-04-10
0,2023-04-10
0,2023-04-10
0,2023-04-10
0,2023-04-10
0,2023-04-10
0,2023-04-10
0,2023-04-10
0,2023-04-10
0,2023-04-10
0,2023-04-10
0,2023-04-10
0,2023-04-10
0,2023-04-10
0,2023-04-10
0,2023-04-10
0,2023-04-10
0,2023-04-10
0,2023-04-10
0,2023-04-10
0,2023-04-10
0,2023-04-10
0,2023-04-10
0,2023-04-10
0,2023-04-10
0,2023-04-10
0,2023-04-10
0,2023-04-10
0,2023-04-10
0,2023-04-10
0,2023-04-10
0,2023-04-10
0,2023-04-10
0,2023-04-10
0,2023-04-10
0,2023-04-10
0,2023-04-10
0,2023-04-10
0,2023-04-10
0,2023-04-10
0,2023-04-10
0,2023-04-10
0,2023-04-10
0,2023-04-10
0,2023-04-10
0,2023-04-10
0,2023-04-10
0,2023-04-10
0,2023-04-10
0,2023-04-10
0,2023-04-10
0,2023-04-10
0,2023-04-10
0,2023-04-10
0,2023-04-10
0,2023-04-10
0,2023-04-10
0,2023-04-10
0,2023-04-10
0,2023-04-10
0,2023-04-10
0,2023-04-10
0,2023-04-10
0,2023-04-10
0,2023-04-10
0,2023-04-10
0,2023-04-10
0,2023-04-10
0,2023-04-10
0,2023-04-10
0,2023-04-10
0,2023-04-10
0,2023-04-10
0,2023-04-10
0,2023-04-10
0,2023-04-10
0,2023-04-10
0,2023-04-10
0,2023-04-10
0,2023-04-10
0,2023-04-10
0,2023-04-10
0,2023-04-10
0,2023-04-10
0,2023-04-10
0,2023-04-10
0,2023-04-10
0,2023-04-10
0,2023-04-10
0,2023-04-10
0,2023-04-10
0,2023-04-10
0,2023-04-10
0,2023-04-10
0,2023-04-10
0,2023-04-10
0,2023-04-10
0,2023-04-10
0,2023-04-10
0,2023-04-10
0,2023-04-10
0,2023-04-10
0,2023-04-10
0,2023-04-10
0,2023-04-10
0,2023-04-10
0,2023-04-10
0,2023-04-10
0,2023-04-10
0,2023-04-10
0,2023-04-10
0,2023-04-10
0,2023-04-10
0,2023-04-10
0,2023-04-10
0,2023-04-10
0,2023-04-09
0,2023-04-09
0,2023-04-09
0,2023-04-09
0,2023-04-09
0,2023-04-09
0,2023-04-09
0,2023-04-09
0,2023-04-09
0,2023-04-09
0,2023-04-09
0,2023-04-09
0,2023-04-09
0,2023-04-09
0,2023-04-09
0,2023-04-09
0,2023-04-09
0,2023-04-09
0,2023-04-09
0,2023-04-09
0,2023-04-09
0,2023-04-09
0,2023-04-09
0,2023-04-09
0,2023-04-09
0,2023-04-09
0,2023-04-09
0,2023-04-09
0,2023-04-09
0,2023-04-09
0,2023-04-09
0,2023-04-09
0,2023-04-09
0,2023-04-09
0,2023-04-09
0,2023-04-09
0,2023-04-09
0,2023-04-09
0,2023-04-09
0,2023-04-09
0,2023-04-09
0,2023-04-09
0,2023-04-09
0,2023-04-09
0,2023-04-09
0,2023-04-09
0,2023-04-09
0,2023-04-09
0,2023-04-09
0,2023-04-09
0,2023-04-09
0,2023-04-09
0,2023-04-09
0,2023-04-09
0,2023-04-09
0,2023-04-09
0,2023-04-09
0,2023-04-09
0,2023-04-09
0,2023-04-09
0,2023-04-09
0,2023-04-09
0,2023-04-09
0,2023-04-09
0,2023-04-09
0,2023-04-09
0,2023-04-09
0,2023-04-09
0,2023-04-09
0,2023-04-09
0,2023-04-09
0,2023-04-09
0,2023-04-09
0,2023-04-09
0,2023-04-09
0,2023-04-09
0,2023-04-09
0,2023-04-09
0,2023-04-09
0,2023-04-09
0,2023-04-09
0,2023-04-09
0,2023-04-09
0,2023-04-09
0,2023-04-09
0,2023-04-09
0,2023-04-09
0,2023-04-09
0,2023-04-09
0,2023-04-09
0,2023-04-09
0,2023-04-09
0,2023-04-09
0,2023-04-09
0,2023-04-09
0,2023-04-09
0,2023-04-09
0,2023-04-09
0,2023-04-09
0,2023-04-09
0,2023-04-09
0,2023-04-09
0,2023-04-09
0,2023-04-09
0,2023-04-09
0,2023-04-09
0,2023-04-09
0,2023-04-09
0,2023-04-09
0,2023-04-09
0,2023-04-09
0,2023-04-09
0,2023-04-09
0,2023-04-09
0,2023-04-09
0,2023-04-09
0,2023-04-09
0,2023-04-09
0,2023-04-09
0,2023-04-09
0,2023-04-09
0,2023-04-09
0,2023-04-09
0,2023-04-09
0,2023-04-09
0,2023-04-09
0,2023-04-09
0,2023-04-09
0,2023-04-09
0,2023-04-09
0,2023-04-09
0,2023-04-09
0,2023-04-09
0,2023-04-09
0,2023-04-09
0,2023-04-09
0,2023-04-09
0,2023-04-09
0,2023-04-09
0,2023-04-09
0,2023-04-09
0,2023-04-09
0,2023-04-09
0,2023-04-09
0,2023-04-09
0,2023-04-09
0,2023-04-09
0,2023-04-09
0,2023-04-09
0,2023-04-09
0,2023-04-09
0,2023-04-09
0,2023-04-09
0,2023-04-09
0,2023-04-09
0,2023-04-09
0,2023-04-09
0,2023-04-09
0,2023-04-09
0,2023-04-09
0,2023-04-09
0,2023-04-09
0,2023-04-09
0,2023-04-09
0,2023-04-09
0,2023-04-09
0,2023-04-09
0,2023-04-09
0,2023-04-09
0,2023-04-09
0,2023-04-09
0,2023-04-09
0,2023-04-09
0,2023-04-09
0,2023-04-09
0,2023-04-09
0,2023-04-09
0,2023-04-09
0,2023-04-09
0,2023-04-09
0,2023-04-09
0,2023-04-09
0,2023-04-09
0,2023-04-09
0,2023-04-09
0,2023-04-09
0,2023-04-09
0,2023-04-09
0,2023-04-09
0,2023-04-09
0,2023-04-09
0,2023-04-09
0,2023-04-09
0,2023-04-09
0,2023-04-09
0,2023-04-09
0,2023-04-09
0,2023-04-09
0,2023-04-09
0,2023-04-09
0,2023-04-09
0,2023-04-09
0,2023-04-09
0,2023-04-09
0,2023-04-09
0,2023-04-09
0,2023-04-09
0,2023-04-09
0,2023-04-09
0,2023-04-09
0,2023-04-09
0,2023-04-09
0,2023-04-09
0,2023-04-09
0,2023-04-09
0,2023-04-09
0,2023-04-09
0,2023-04-09
0,2023-04-09
0,2023-04-09
0,2023-04-09
0,2023-04-09
0,2023-04-09
0,2023-04-09
0,2023-04-09
0,2023-04-09
0,2023-04-09
0,2023-04-09
0,2023-04-09
0,2023-04-09
0,2023-04-09
0,2023-04-09
0,2023-04-09
0,2023-04-09
0,2023-04-09
0,2023-04-09
0,2023-04-09
0,2023-04-09
0,2023-04-09
0,2023-04-09
0,2023-04-09
0,2023-04-09
0,2023-04-09
0,2023-04-09
0,2023-04-09
0,2023-04-09
0,2023-04-09
0,2023-04-09
0,2023-04-09
0,2023-04-09
0,2023-04-09
0,2023-04-09
0,2023-04-09
0,2023-04-09
0,2023-04-09
0,2023-04-09
0,2023-04-09
0,2023-04-09
0,2023-04-09
0,2023-04-09
0,2023-04-09
0,2023-04-09
0,2023-04-09
0,2023-04-09
0,2023-04-09
0,2023-04-09
0,2023-04-09
0,2023-04-09
0,2023-04-09
0,2023-04-09
0,2023-04-09
0,2023-04-09
0,2023-04-09
0,2023-04-09
0,2023-04-09
0,2023-04-09
0,2023-04-09
0,2023-04-09
0,2023-04-09
0,2023-04-09
0,2023-04-09
0,2023-04-09
0,2023-04-09
0,2023-04-09
0,2023-04-09
0,2023-04-09
0,2023-04-09
0,2023-04-08
0,2023-04-08
0,2023-04-08
0,2023-04-08
0,2023-04-08
0,2023-04-08
0,2023-04-08
0,2023-04-08
0,2023-04-08
0,2023-04-08
0,2023-04-08
0,2023-04-08
0,2023-04-08
0,2023-04-08
0,2023-04-08
0,2023-04-08
0,2023-04-08
0,2023-04-08
0,2023-04-08
0,2023-04-08
0,2023-04-08
0,2023-04-08
0,2023-04-08
0,2023-04-08
0,2023-04-08
0,2023-04-08
0,2023-04-08
0,2023-04-08
0,2023-04-08
0,2023-04-08
0,2023-04-08
0,2023-04-08
0,2023-04-08
0,2023-04-08
0,2023-04-08
0,2023-04-08
0,2023-04-08
0,2023-04-08
0,2023-04-08
0,2023-04-08
0,2023-04-08
0,2023-04-08
0,2023-04-08
0,2023-04-08
0,2023-04-08
0,2023-04-08
0,2023-04-08
0,2023-04-08
0,2023-04-08
0,2023-04-08
0,2023-04-08
0,2023-04-08
0,2023-04-08
0,2023-04-08
0,2023-04-08
0,2023-04-08
0,2023-04-08
0,2023-04-08
0,2023-04-08
0,2023-04-08
0,2023-04-08
0,2023-04-08
0,2023-04-08
0,2023-04-08
0,2023-04-08
0,2023-04-08
0,2023-04-08
0,2023-04-08
0,2023-04-08
0,2023-04-08
0,2023-04-08
0,2023-04-08
0,2023-04-08
0,2023-04-08
0,2023-04-08
0,2023-04-08
0,2023-04-08
0,2023-04-08
0,2023-04-08
0,2023-04-08
0,2023-04-08
0,2023-04-08
0,2023-04-08
0,2023-04-08
0,2023-04-08
0,2023-04-08
0,2023-04-08
0,2023-04-08
0,2023-04-08
0,2023-04-08
0,2023-04-08
0,2023-04-08
0,2023-04-08
0,2023-04-08
0,2023-04-08
0,2023-04-08
0,2023-04-08
0,2023-04-08
0,2023-04-08
0,2023-04-08
0,2023-04-08
0,2023-04-08
0,2023-04-08
0,2023-04-08
0,2023-04-08
0,2023-04-08
0,2023-04-08
0,2023-04-08
0,2023-04-08
0,2023-04-08
0,2023-04-08
0,2023-04-08
0,2023-04-08
0,2023-04-08
0,2023-04-08
0,2023-04-08
0,2023-04-08
0,2023-04-08
0,2023-04-08
0,2023-04-08
0,2023-04-08
0,2023-04-08
0,2023-04-08
0,2023-04-08
0,2023-04-08
0,2023-04-08
0,2023-04-08
0,2023-04-08
0,2023-04-08
0,2023-04-08
0,2023-04-08
0,2023-04-08
0,2023-04-08
0,2023-04-08
0,2023-04-08
0,2023-04-08
0,2023-04-08
0,2023-04-08
0,2023-04-08
0,2023-04-08
0,2023-04-08
0,2023-04-08
0,2023-04-08
0,2023-04-08
0,2023-04-08
0,2023-04-08
0,2023-04-08
0,2023-04-08
0,2023-04-08
0,2023-04-08
0,2023-04-08
0,2023-04-08
0,2023-04-08
0,2023-04-08
0,2023-04-08
0,2023-04-08
0,2023-04-08
0,2023-04-08
0,2023-04-08
0,2023-04-08
0,2023-04-08
0,2023-04-08
0,2023-04-08
0,2023-04-08
0,2023-04-08
0,2023-04-08
0,2023-04-08
0,2023-04-08
0,2023-04-08
0,2023-04-08
0,2023-04-08
0,2023-04-08
0,2023-04-08
0,2023-04-08
0,2023-04-08
0,2023-04-08
0,2023-04-08
0,2023-04-08
0,2023-04-08
0,2023-04-08
0,2023-04-08
0,2023-04-08
0,2023-04-08
0,2023-04-08
0,2023-04-08
0,2023-04-08
0,2023-04-08
0,2023-04-08
0,2023-04-08
0,2023-04-08
0,2023-04-08
0,2023-04-08
0,2023-04-08
0,2023-04-08
0,2023-04-08
0,2023-04-08
0,2023-04-08
0,2023-04-08
0,2023-04-08
0,2023-04-08
0,2023-04-08
0,2023-04-08
0,2023-04-08
0,2023-04-08
0,2023-04-08
0,2023-04-08
0,2023-04-08
0.01,2023-04-08
0,2023-04-08
0.01,2023-04-08
0.01,2023-04-08
0,2023-04-08
0,2023-04-08
0,2023-04-08
0,2023-04-08
0,2023-04-08
0,2023-04-08
0,2023-04-08
0,2023-04-08
0,2023-04-08
0,2023-04-08
0,2023-04-08
0,2023-04-08
0,2023-04-08
0,2023-04-08
0,2023-04-08
0,2023-04-08
0,2023-04-08
0,2023-04-08
0,2023-04-08
0,2023-04-08
0,2023-04-08
0,2023-04-08
0,2023-04-08
0,2023-04-08
0,2023-04-08
0,2023-04-08
0,2023-04-08
0.01,2023-04-08
0,2023-04-08
0,2023-04-08
0,2023-04-08
0,2023-04-08
0,2023-04-08
0,2023-04-08
0,2023-04-08
0,2023-04-08
0,2023-04-08
0,2023-04-08
0,2023-04-08
0,2023-04-08
0,2023-04-08
0,2023-04-08
0,2023-04-08
0,2023-04-08
0,2023-04-08
0,2023-04-08
0,2023-04-08
0,2023-04-08
0,2023-04-08
0,2023-04-08
0,2023-04-08
0,2023-04-08
0,2023-04-08
0,2023-04-08
0,2023-04-08
0,2023-04-08
0,2023-04-08
0,2023-04-08
0,2023-04-08
0,2023-04-08
0,2023-04-08
0,2023-04-08
0,2023-04-08
0,2023-04-08
0,2023-04-08
0,2023-04-08
0,2023-04-08
0,2023-04-08
0,2023-04-08
0,2023-04-08
0,2023-04-08
0,2023-04-08
0,2023-04-08
0,2023-04-08
0,2023-04-08
0,2023-04-08
0,2023-04-08
0.01,2023-04-07
0,2023-04-07
0,2023-04-07
0,2023-04-07
0,2023-04-07
0,2023-04-07
0,2023-04-07
0,2023-04-07
0,2023-04-07
0,2023-04-07
0,2023-04-07
0,2023-04-07
0,2023-04-07
0,2023-04-07
0,2023-04-07
0,2023-04-07
0,2023-04-07
0,2023-04-07
0,2023-04-07
0,2023-04-07
0,2023-04-07
0.01,2023-04-07
0,2023-04-07
0,2023-04-07
0,2023-04-07
0,2023-04-07
0,2023-04-07
0.01,2023-04-07
0,2023-04-07
0.01,2023-04-07
0,2023-04-07
0.01,2023-04-07
0.01,2023-04-07
0.01,2023-04-07
0.01,2023-04-07
0.01,2023-04-07
0.03,2023-04-07
0.01,2023-04-07
0.01,2023-04-07
0,2023-04-07
0,2023-04-07
0.01,2023-04-07
0,2023-04-07
0,2023-04-07
0,2023-04-07
0,2023-04-07
0,2023-04-07
0,2023-04-07
0,2023-04-07
0,2023-04-07
0,2023-04-07
0,2023-04-07
0.01,2023-04-07
0,2023-04-07
0.01,2023-04-07
0,2023-04-07
0,2023-04-07
0,2023-04-07
0,2023-04-07
0,2023-04-07
0,2023-04-07
0,2023-04-07
0,2023-04-07
0,2023-04-07
0,2023-04-07
0,2023-04-07
0,2023-04-07
0,2023-04-07
0,2023-04-07
0,2023-04-07
0,2023-04-07
0,2023-04-07
0,2023-04-07
0,2023-04-07
0,2023-04-07
0,2023-04-07
0,2023-04-07
0,2023-04-07
0,2023-04-07
0,2023-04-07
0,2023-04-07
0,2023-04-07
0,2023-04-07
0,2023-04-07
0,2023-04-07
0,2023-04-07
0,2023-04-07
0,2023-04-07
0,2023-04-07
0,2023-04-07
0,2023-04-07
0,2023-04-07
0,2023-04-07
0,2023-04-07
0,2023-04-07
0,2023-04-07
0.01,2023-04-07
0,2023-04-07
0,2023-04-07
0.01,2023-04-07
0,2023-04-07
0,2023-04-07
0,2023-04-07
0,2023-04-07
0.01,2023-04-07
0,2023-04-07
0,2023-04-07
0,2023-04-07
0,2023-04-07
0,2023-04-07
0.01,2023-04-07
0,2023-04-07
0,2023-04-07
0,2023-04-07
0,2023-04-07
0,2023-04-07
0,2023-04-07
0,2023-04-07
0,2023-04-07
0,2023-04-07
0,2023-04-07
0,2023-04-07
0,2023-04-07
0.01,2023-04-07
0,2023-04-07
0,2023-04-07
0,2023-04-07
0.01,2023-04-07
0,2023-04-07
0,2023-04-07
0,2023-04-07
0,2023-04-07
0,2023-04-07
0.01,2023-04-07
0,2023-04-07
0.01,2023-04-07
0,2023-04-07
0,2023-04-07
0,2023-04-07
0.01,2023-04-07
0,2023-04-07
0.01,2023-04-07
0.01,2023-04-07
0.01,2023-04-07
0,2023-04-07
0,2023-04-07
0.01,2023-04-07
0,2023-04-07
0,2023-04-07
0,2023-04-07
0,2023-04-07
0,2023-04-07
0,2023-04-07
0,2023-04-07
0,2023-04-07
0,2023-04-07
0,2023-04-07
0,2023-04-07
0,2023-04-07
0,2023-04-07
0,2023-04-07
0,2023-04-07
0,2023-04-07
0,2023-04-07
0,2023-04-07
0,2023-04-07
0,2023-04-07
0,2023-04-07
0,2023-04-07
0,2023-04-07
0.01,2023-04-07
0.01,2023-04-07
0.01,2023-04-07
0.01,2023-04-07
0,2023-04-07
0,2023-04-07
0,2023-04-07
0,2023-04-07
0,2023-04-07
0,2023-04-07
0,2023-04-07
0,2023-04-07
0,2023-04-07
0,2023-04-07
0,2023-04-07
0,2023-04-07
0,2023-04-07
0,2023-04-07
0,2023-04-07
0,2023-04-07
0,2023-04-07
0,2023-04-07
0,2023-04-07
0,2023-04-07
0,2023-04-07
0,2023-04-07
0,2023-04-07
0,2023-04-07
0,2023-04-07
0,2023-04-07
0,2023-04-07
0,2023-04-07
0,2023-04-07
0,2023-04-07
0,2023-04-07
0,2023-04-07
0,2023-04-07
0,2023-04-07
0,2023-04-07
0,2023-04-07
0,2023-04-07
0,2023-04-07
0,2023-04-07
0,2023-04-07
0,2023-04-07
0,2023-04-07
0,2023-04-07
0,2023-04-07
0,2023-04-07
0,2023-04-07
0,2023-04-07
0,2023-04-07
0,2023-04-07
0,2023-04-07
0,2023-04-07
0,2023-04-07
0,2023-04-07
0,2023-04-07
0,2023-04-07
0,2023-04-07
0,2023-04-07
0,2023-04-07
0,2023-04-07
0,2023-04-07
0,2023-04-07
0,2023-04-07
0,2023-04-07
0,2023-04-07
0,2023-04-07
0,2023-04-07
0,2023-04-07
0,2023-04-07
0,2023-04-07
0,2023-04-07
0,2023-04-07
0,2023-04-07
0,2023-04-07
0,2023-04-07
0,2023-04-07
0,2023-04-07
0,2023-04-07
0,2023-04-07
0,2023-04-07
0,2023-04-07
0,2023-04-07
0,2023-04-07
0,2023-04-07
0,2023-04-07
0,2023-04-07
0,2023-04-07
0,2023-04-07
0,2023-04-07
0.01,2023-04-07
0,2023-04-07
0,2023-04-07
0,2023-04-07
0,2023-04-07
0,2023-04-07
0,2023-04-07
0,2023-04-07
0,2023-04-07
0,2023-04-07
0,2023-04-07
0,2023-04-07
0,2023-04-07
0,2023-04-07
0,2023-04-07
0,2023-04-07
0,2023-04-07
0,2023-04-07
0,2023-04-07
0,2023-04-07
0,2023-04-07
0,2023-04-07
0,2023-04-07
0,2023-04-07
0,2023-04-07
0,2023-04-07
0,2023-04-06
0,2023-04-06
0,2023-04-06
0,2023-04-06
0,2023-04-06
0,2023-04-06
0,2023-04-06
0,2023-04-06
0,2023-04-06
0,2023-04-06
0,2023-04-06
0,2023-04-06
0,2023-04-06
0,2023-04-06
0,2023-04-06
0,2023-04-06
0,2023-04-06
0,2023-04-06
0,2023-04-06
0,2023-04-06
0,2023-04-06
0,2023-04-06
0,2023-04-06
0,2023-04-06
0,2023-04-06
0,2023-04-06
0,2023-04-06
0,2023-04-06
0,2023-04-06
0,2023-04-06
0,2023-04-06
0,2023-04-06
0,2023-04-06
0,2023-04-06
0,2023-04-06
0,2023-04-06
0,2023-04-06
0,2023-04-06
0,2023-04-06
0,2023-04-06
0,2023-04-06
0,2023-04-06
0,2023-04-06
0,2023-04-06
0,2023-04-06
0,2023-04-06
0,2023-04-06
0,2023-04-06
0,2023-04-06
0,2023-04-06
0,2023-04-06
0,2023-04-06
0,2023-04-06
0,2023-04-06
0,2023-04-06
0.01,2023-04-06
0,2023-04-06
0,2023-04-06
0.01,2023-04-06
0.02,2023-04-06
0,2023-04-06
0,2023-04-06
0,2023-04-06
0.01,2023-04-06
0,2023-04-06
0,2023-04-06
0,2023-04-06
0,2023-04-06
0,2023-04-06
0,2023-04-06
0.01,2023-04-06
0,2023-04-06
0,2023-04-06
0.01,2023-04-06
0.01,2023-04-06
0.01,2023-04-06
0.01,2023-04-06
0.02,2023-04-06
0,2023-04-06
0.01,2023-04-06
0,2023-04-06
0,2023-04-06
0,2023-04-06
0.01,2023-04-06
0,2023-04-06
0.01,2023-04-06
0.01,2023-04-06
0.01,2023-04-06
0.02,2023-04-06
0.03,2023-04-06
0.02,2023-04-06
0.01,2023-04-06
0,2023-04-06
0.01,2023-04-06
0.01,2023-04-06
0.01,2023-04-06
0.02,2023-04-06
0.02,2023-04-06
0.03,2023-04-06
0.04,2023-04-06
0.03,2023-04-06
0.02,2023-04-06
0,2023-04-06
0.01,2023-04-06
0.02,2023-04-06
0.02,2023-04-06
0.02,2023-04-06
0.03,2023-04-06
0.02,2023-04-06
0.06,2023-04-06
0.05,2023-04-06
0.03,2023-04-06
0.06,2023-04-06
0.03,2023-04-06
0.01,2023-04-06
0,2023-04-06
0,2023-04-06
0,2023-04-06
0.01,2023-04-06
0,2023-04-06
0,2023-04-06
0,2023-04-06
0,2023-04-06
0,2023-04-06
0.01,2023-04-06
0,2023-04-06
0.02,2023-04-06
0,2023-04-06
0.01,2023-04-06
0.02,2023-04-06
0.03,2023-04-06
0,2023-04-06
0,2023-04-06
0.01,2023-04-06
0.02,2023-04-06
0,2023-04-06
0,2023-04-06
0,2023-04-06
0.01,2023-04-06
0,2023-04-06
0.02,2023-04-06
0,2023-04-06
0.01,2023-04-06
0.01,2023-04-06
0,2023-04-06
0,2023-04-06
0,2023-04-06
0,2023-04-06
0,2023-04-06
0,2023-04-06
0,2023-04-06
0.01,2023-04-06
0,2023-04-06
0,2023-04-06
0,2023-04-06
0,2023-04-06
0,2023-04-06
0,2023-04-06
0,2023-04-06
0,2023-04-06
0,2023-04-06
0,2023-04-06
0,2023-04-06
0,2023-04-06
0,2023-04-06
0,2023-04-06
0,2023-04-06
0,2023-04-06
0,2023-04-06
0,2023-04-06
0,2023-04-06
0,2023-04-06
0,2023-04-06
0,2023-04-06
0,2023-04-06
0,2023-04-06
0,2023-04-06
0,2023-04-06
0,2023-04-06
0,2023-04-06
0,2023-04-06
0,2023-04-06
0,2023-04-06
0,2023-04-06
0,2023-04-06
0,2023-04-06
0,2023-04-06
0,2023-04-06
0,2023-04-06
0,2023-04-06
0,2023-04-06
0,2023-04-06
0,2023-04-06
0,2023-04-06
0,2023-04-06
0,2023-04-06
0,2023-04-06
0,2023-04-06
0,2023-04-06
0,2023-04-06
0,2023-04-06
0,2023-04-06
0,2023-04-06
0,2023-04-06
0,2023-04-06
0,2023-04-06
0,2023-04-06
0,2023-04-06
0,2023-04-06
0,2023-04-06
0,2023-04-06
0,2023-04-06
0,2023-04-06
0,2023-04-06
0,2023-04-06
0,2023-04-06
0,2023-04-06
0,2023-04-06
0,2023-04-06
0,2023-04-06
0,2023-04-06
0,2023-04-06
0,2023-04-06
0,2023-04-06
0,2023-04-06
0,2023-04-06
0,2023-04-06
0,2023-04-06
0,2023-04-06
0,2023-04-06
0,2023-04-06
0,2023-04-06
0,2023-04-06
0,2023-04-06
0,2023-04-06
0,2023-04-06
0,2023-04-06
0,2023-04-06
0,2023-04-06
0,2023-04-06
0,2023-04-06
0,2023-04-06
0,2023-04-06
0,2023-04-06
0,2023-04-06
0,2023-04-06
0,2023-04-06
0,2023-04-06
0,2023-04-06
0,2023-04-06
0,2023-04-06
0,2023-04-06
0,2023-04-06
0,2023-04-06
0,2023-04-06
0,2023-04-06
0,2023-04-06
0,2023-04-06
0,2023-04-06
0,2023-04-06
0,2023-04-06
0,2023-04-06
0,2023-04-06
0,2023-04-06
0,2023-04-06
0,2023-04-06
0,2023-04-06
0,2023-04-06
0,2023-04-06
0,2023-04-06
0,2023-04-06
0,2023-04-06
0,2023-04-06
0,2023-04-06
0,2023-04-06
0,2023-04-06
0,2023-04-06
0,2023-04-06
0,2023-04-06
0,2023-04-06
0,2023-04-06
0,2023-04-06
0,2023-04-06
0,2023-04-06
0,2023-04-06
0,2023-04-06
0,2023-04-06
0,2023-04-05
0,2023-04-05
0,2023-04-05
0,2023-04-05
0,2023-04-05
0,2023-04-05
0,2023-04-05
0,2023-04-05
0,2023-04-05
0,2023-04-05
0,2023-04-05
0,2023-04-05
0,2023-04-05
0,2023-04-05
0,2023-04-05
0,2023-04-05
0,2023-04-05
0,2023-04-05
0,2023-04-05
0,2023-04-05
0,2023-04-05
0,2023-04-05
0,2023-04-05
0,2023-04-05
0,2023-04-05
0,2023-04-05
0,2023-04-05
0,2023-04-05
0,2023-04-05
0,2023-04-05
0,2023-04-05
0,2023-04-05
0,2023-04-05
0,2023-04-05
0,2023-04-05
0,2023-04-05
0,2023-04-05
0,2023-04-05
0,2023-04-05
0,2023-04-05
0,2023-04-05
0,2023-04-05
0,2023-04-05
0,2023-04-05
0,2023-04-05
0,2023-04-05
0,2023-04-05
0,2023-04-05
0,2023-04-05
0,2023-04-05
0,2023-04-05
0,2023-04-05
0,2023-04-05
0,2023-04-05
0,2023-04-05
0,2023-04-05
0,2023-04-05
0,2023-04-05
0,2023-04-05
0,2023-04-05
0,2023-04-05
0,2023-04-05
0,2023-04-05
0,2023-04-05
0,2023-04-05
0,2023-04-05
0,2023-04-05
0,2023-04-05
0,2023-04-05
0,2023-04-05
0,2023-04-05
0,2023-04-05
0,2023-04-05
0,2023-04-05
0,2023-04-05
0,2023-04-05
0,2023-04-05
0,2023-04-05
0,2023-04-05
0,2023-04-05
0,2023-04-05
0,2023-04-05
0,2023-04-05
0,2023-04-05
0,2023-04-05
0,2023-04-05
0,2023-04-05
0,2023-04-05
0,2023-04-05
0,2023-04-05
0,2023-04-05
0,2023-04-05
0,2023-04-05
0,2023-04-05
0,2023-04-05
0,2023-04-05
0,2023-04-05
0,2023-04-05
0,2023-04-05
0,2023-04-05
0,2023-04-05
0,2023-04-05
0,2023-04-05
0,2023-04-05
0,2023-04-05
0,2023-04-05
0,2023-04-05
0,2023-04-05
0,2023-04-05
0,2023-04-05
0,2023-04-05
0,2023-04-05
0,2023-04-05
0,2023-04-05
0,2023-04-05
0,2023-04-05
0,2023-04-05
0,2023-04-05
0,2023-04-05
0,2023-04-05
0,2023-04-05
0,2023-04-05
0.01,2023-04-05
0,2023-04-05
0,2023-04-05
0,2023-04-05
0,2023-04-05
0,2023-04-05
0,2023-04-05
0,2023-04-05
0,2023-04-05
0,2023-04-05
0.02,2023-04-05
0,2023-04-05
0.01,2023-04-05
0.03,2023-04-05
0.04,2023-04-05
0.01,2023-04-05
0,2023-04-05
0.01,2023-04-05
0.02,2023-04-05
0.02,2023-04-05
0,2023-04-05
0,2023-04-05
0,2023-04-05
0,2023-04-05
0,2023-04-05
0,2023-04-05
0,2023-04-05
0,2023-04-05
0,2023-04-05
0,2023-04-05
0,2023-04-05
0,2023-04-05
0,2023-04-05
0,2023-04-05
0,2023-04-05
0,2023-04-05
0,2023-04-05
0,2023-04-05
0,2023-04-05
0,2023-04-05
0,2023-04-05
0,2023-04-05
0,2023-04-05
0,2023-04-05
0,2023-04-05
0,2023-04-05
0,2023-04-05
0,2023-04-05
0,2023-04-05
0,2023-04-05
0,2023-04-05
0,2023-04-05
0,2023-04-05
0,2023-04-05
0,2023-04-05
0,2023-04-05
0,2023-04-05
0,2023-04-05
0,2023-04-05
0,2023-04-05
0,2023-04-05
0,2023-04-05
0,2023-04-05
0,2023-04-05
0,2023-04-05
0,2023-04-05
0,2023-04-05
0,2023-04-05
0,2023-04-05
0,2023-04-05
0,2023-04-05
0,2023-04-05
0,2023-04-05
0,2023-04-05
0,2023-04-05
0,2023-04-05
0,2023-04-05
0,2023-04-05
0,2023-04-05
0,2023-04-05
0,2023-04-05
0,2023-04-05
0,2023-04-05
0,2023-04-05
0,2023-04-05
0,2023-04-05
0,2023-04-05
0,2023-04-05
0,2023-04-05
0,2023-04-05
0,2023-04-05
0,2023-04-05
0,2023-04-05
0,2023-04-05
0,2023-04-05
0,2023-04-05
0,2023-04-05
0,2023-04-05
0,2023-04-05
0,2023-04-05
0,2023-04-05
0,2023-04-05
0,2023-04-05
0,2023-04-05
0,2023-04-05
0,2023-04-05
0,2023-04-05
0,2023-04-05
0,2023-04-05
0,2023-04-05
0,2023-04-05
0,2023-04-05
0,2023-04-05
0,2023-04-05
0,2023-04-05
0,2023-04-05
0,2023-04-05
0,2023-04-05
0,2023-04-05
0,2023-04-05
0,2023-04-05
0,2023-04-05
0,2023-04-05
0,2023-04-05
0,2023-04-05
0,2023-04-05
0,2023-04-05
0,2023-04-05
0,2023-04-05
0,2023-04-05
0,2023-04-05
0,2023-04-05
0,2023-04-05
0,2023-04-05
0,2023-04-05
0,2023-04-05
0,2023-04-05
0,2023-04-05
0,2023-04-05
0,2023-04-05
0,2023-04-05
0,2023-04-05
0,2023-04-05
0,2023-04-05
0,2023-04-05
0,2023-04-05
0,2023-04-05
0,2023-04-05
0,2023-04-05
0,2023-04-05
0,2023-04-05
0,2023-04-05
0,2023-04-05
0,2023-04-05
0,2023-04-05
0,2023-04-05
0,2023-04-05
0,2023-04-05
0,2023-04-05
0,2023-04-05
0,2023-04-05
0,2023-04-05
0,2023-04-05
0,2023-04-05
0,2023-04-05
0,2023-04-05
0,2023-04-04
0,2023-04-04
0,2023-04-04
0,2023-04-04
0,2023-04-04
0,2023-04-04
0,2023-04-04
0,2023-04-04
0,2023-04-04
0,2023-04-04
0,2023-04-04
0,2023-04-04
0,2023-04-04
0,2023-04-04
0,2023-04-04
0,2023-04-04
0,2023-04-04
0,2023-04-04
0,2023-04-04
0,2023-04-04
0,2023-04-04
0,2023-04-04
0,2023-04-04
0,2023-04-04
0,2023-04-04
0,2023-04-04
0,2023-04-04
0,2023-04-04
0,2023-04-04
0,2023-04-04
0,2023-04-04
0,2023-04-04
0,2023-04-04
0,2023-04-04
0,2023-04-04
0,2023-04-04
0,2023-04-04
0,2023-04-04
0,2023-04-04
0,2023-04-04
0,2023-04-04
0,2023-04-04
0,2023-04-04
0,2023-04-04
0,2023-04-04
0,2023-04-04
0,2023-04-04
0,2023-04-04
0,2023-04-04
0,2023-04-04
0,2023-04-04
0,2023-04-04
0,2023-04-04
0,2023-04-04
0,2023-04-04
0,2023-04-04
0,2023-04-04
0,2023-04-04
0,2023-04-04
0,2023-04-04
0,2023-04-04
0,2023-04-04
0,2023-04-04
0,2023-04-04
0,2023-04-04
0,2023-04-04
0,2023-04-04
0,2023-04-04
0,2023-04-04
0,2023-04-04
0,2023-04-04
0,2023-04-04
0,2023-04-04
0,2023-04-04
0,2023-04-04
0,2023-04-04
0,2023-04-04
0,2023-04-04
0,2023-04-04
0,2023-04-04
0,2023-04-04
0,2023-04-04
0,2023-04-04
0,2023-04-04
0,2023-04-04
0,2023-04-04
0,2023-04-04
0,2023-04-04
0,2023-04-04
0,2023-04-04
0,2023-04-04
0,2023-04-04
0,2023-04-04
0,2023-04-04
0,2023-04-04
0,2023-04-04
0,2023-04-04
0,2023-04-04
0,2023-04-04
0,2023-04-04
0,2023-04-04
0,2023-04-04
0,2023-04-04
0,2023-04-04
0,2023-04-04
0,2023-04-04
0,2023-04-04
0,2023-04-04
0,2023-04-04
0,2023-04-04
0,2023-04-04
0,2023-04-04
0,2023-04-04
0,2023-04-04
0,2023-04-04
0,2023-04-04
0,2023-04-04
0,2023-04-04
0,2023-04-04
0,2023-04-04
0,2023-04-04
0,2023-04-04
0,2023-04-04
0,2023-04-04
0,2023-04-04
0,2023-04-04
0,2023-04-04
0,2023-04-04
0,2023-04-04
0,2023-04-04
0,2023-04-04
0,2023-04-04
0,2023-04-04
0,2023-04-04
0,2023-04-04
0,2023-04-04
0,2023-04-04
0,2023-04-04
0,2023-04-04
0,2023-04-04
0,2023-04-04
0,2023-04-04
0,2023-04-04
0,2023-04-04
0,2023-04-04
0,2023-04-04
0,2023-04-04
0,2023-04-04
0,2023-04-04
0,2023-04-04
0,2023-04-04
0,2023-04-04
0,2023-04-04
0,2023-04-04
0,2023-04-04
0,2023-04-04
0,2023-04-04
0,2023-04-04
0,2023-04-04
0,2023-04-04
0,2023-04-04
0,2023-04-04
0,2023-04-04
0,2023-04-04
0,2023-04-04
0,2023-04-04
0,2023-04-04
0,2023-04-04
0,2023-04-04
0,2023-04-04
0,2023-04-04
0,2023-04-04
0,2023-04-04
0,2023-04-04
0,2023-04-04
0,2023-04-04
0,2023-04-04
0,2023-04-04
0,2023-04-04
0,2023-04-04
0,2023-04-04
0,2023-04-04
0,2023-04-04
0,2023-04-04
0,2023-04-04
0,2023-04-04
0,2023-04-04
0,2023-04-04
0,2023-04-04
0,2023-04-04
0,2023-04-04
0,2023-04-04
0,2023-04-04
0,2023-04-04
0,2023-04-04
0,2023-04-04
0,2023-04-04
0,2023-04-04
0,2023-04-04
0,2023-04-04
0,2023-04-04
0,2023-04-04
0,2023-04-04
0,2023-04-04
0,2023-04-04
0,2023-04-04
0,2023-04-04
0,2023-04-04
0,2023-04-04
0,2023-04-04
0,2023-04-04
0,2023-04-04
0,2023-04-04
0,2023-04-04
0,2023-04-04
0,2023-04-04
0,2023-04-04
0,2023-04-04
0,2023-04-04
0,2023-04-04
0,2023-04-04
0,2023-04-04
0,2023-04-04
0,2023-04-04
0,2023-04-04
0,2023-04-04
0,2023-04-04
0,2023-04-04
0,2023-04-04
0,2023-04-04
0,2023-04-04
0,2023-04-04
0,2023-04-04
0,2023-04-04
0,2023-04-04
0,2023-04-04
0,2023-04-04
0,2023-04-04
0,2023-04-04
0,2023-04-04
0,2023-04-04
0,2023-04-04
0,2023-04-04
0,2023-04-04
0,2023-04-04
0,2023-04-04
0,2023-04-04
0,2023-04-04
0,2023-04-04
0,2023-04-04
0,2023-04-04
0,2023-04-04
0,2023-04-04
0,2023-04-04
0,2023-04-04
0,2023-04-04
0,2023-04-04
0,2023-04-04
0,2023-04-04
0,2023-04-04
0,2023-04-04
0,2023-04-04
0,2023-04-04
0,2023-04-04
0,2023-04-04
0,2023-04-04
0,2023-04-04
0,2023-04-04
0,2023-04-04
0,2023-04-04
0,2023-04-04
0,2023-04-04
0,2023-04-04
0,2023-04-04
0,2023-04-04
0,2023-04-04
0,2023-04-04
0,2023-04-04
0,2023-04-04
0,2023-04-04
0,2023-04-04
0,2023-04-04
0,2023-04-04
0,2023-04-04
0,2023-04-04
0,2023-04-04
0,2023-04-04
0,2023-04-03
0,2023-04-03
0,2023-04-03
0,2023-04-03
0,2023-04-03
0,2023-04-03
0,2023-04-03
0,2023-04-03
0,2023-04-03
0,2023-04-03
0,2023-04-03
0,2023-04-03
0,2023-04-03
0,2023-04-03
0,2023-04-03
0,2023-04-03
0,2023-04-03
0,2023-04-03
0,2023-04-03
0,2023-04-03
0,2023-04-03
0,2023-04-03
0,2023-04-03
0,2023-04-03
0,2023-04-03
0,2023-04-03
0,2023-04-03
0,2023-04-03
0,2023-04-03
0,2023-04-03
0,2023-04-03
0,2023-04-03
0,2023-04-03
0,2023-04-03
0,2023-04-03
0,2023-04-03
0,2023-04-03
0,2023-04-03
0,2023-04-03
0,2023-04-03
0,2023-04-03
0,2023-04-03
0,2023-04-03
0,2023-04-03
0,2023-04-03
0,2023-04-03
0,2023-04-03
0,2023-04-03
0,2023-04-03
0,2023-04-03
0,2023-04-03
0,2023-04-03
0,2023-04-03
0,2023-04-03
0,2023-04-03
0,2023-04-03
0,2023-04-03
0,2023-04-03
0,2023-04-03
0,2023-04-03
0,2023-04-03
0,2023-04-03
0,2023-04-03
0,2023-04-03
0,2023-04-03
0,2023-04-03
0,2023-04-03
0,2023-04-03
0,2023-04-03
0,2023-04-03
0,2023-04-03
0,2023-04-03
0,2023-04-03
0,2023-04-03
0,2023-04-03
0,2023-04-03
0,2023-04-03
0,2023-04-03
0,2023-04-03
0,2023-04-03
0,2023-04-03
0,2023-04-03
0,2023-04-03
0,2023-04-03
0,2023-04-03
0,2023-04-03
0,2023-04-03
0,2023-04-03
0,2023-04-03
0,2023-04-03
0,2023-04-03
0,2023-04-03
0,2023-04-03
0,2023-04-03
0,2023-04-03
0,2023-04-03
0,2023-04-03
0,2023-04-03
0,2023-04-03
0,2023-04-03
0,2023-04-03
0,2023-04-03
0,2023-04-03
0,2023-04-03
0,2023-04-03
0,2023-04-03
0,2023-04-03
0,2023-04-03
0,2023-04-03
0,2023-04-03
0,2023-04-03
0,2023-04-03
0,2023-04-03
0,2023-04-03
0,2023-04-03
0,2023-04-03
0,2023-04-03
0,2023-04-03
0,2023-04-03
0,2023-04-03
0,2023-04-03
0,2023-04-03
0,2023-04-03
0,2023-04-03
0,2023-04-03
0,2023-04-03
0,2023-04-03
0,2023-04-03
0,2023-04-03
0,2023-04-03
0,2023-04-03
0,2023-04-03
0,2023-04-03
0,2023-04-03
0,2023-04-03
0,2023-04-03
0,2023-04-03
0,2023-04-03
0,2023-04-03
0,2023-04-03
0,2023-04-03
0,2023-04-03
0,2023-04-03
0,2023-04-03
0,2023-04-03
0,2023-04-03
0,2023-04-03
0,2023-04-03
0,2023-04-03
0,2023-04-03
0,2023-04-03
0,2023-04-03
0,2023-04-03
0,2023-04-03
0,2023-04-03
0,2023-04-03
0,2023-04-03
0,2023-04-03
0,2023-04-03
0,2023-04-03
0,2023-04-03
0,2023-04-03
0,2023-04-03
0,2023-04-03
0,2023-04-03
0,2023-04-03
0,2023-04-03
0,2023-04-03
0,2023-04-03
0,2023-04-03
0,2023-04-03
0,2023-04-03
0,2023-04-03
0,2023-04-03
0,2023-04-03
0,2023-04-03
0,2023-04-03
0,2023-04-03
0,2023-04-03
0,2023-04-03
0,2023-04-03
0,2023-04-03
0,2023-04-03
0,2023-04-03
0,2023-04-03
0,2023-04-03
0,2023-04-03
0,2023-04-03
0,2023-04-03
0,2023-04-03
0,2023-04-03
0,2023-04-03
0,2023-04-03
0,2023-04-03
0,2023-04-03
0,2023-04-03
0,2023-04-03
0,2023-04-03
0,2023-04-03
0,2023-04-03
0,2023-04-03
0,2023-04-03
0,2023-04-03
0,2023-04-03
0,2023-04-03
0,2023-04-03
0,2023-04-03
0,2023-04-03
0,2023-04-03
0,2023-04-03
0,2023-04-03
0,2023-04-03
0,2023-04-03
0,2023-04-03
0,2023-04-03
0,2023-04-03
0,2023-04-03
0,2023-04-03
0,2023-04-03
0,2023-04-03
0,2023-04-03
0,2023-04-03
0,2023-04-03
0,2023-04-03
0,2023-04-03
0,2023-04-03
0,2023-04-03
0,2023-04-03
0,2023-04-03
0,2023-04-03
0,2023-04-03
0,2023-04-03
0,2023-04-03
0,2023-04-03
0,2023-04-03
0,2023-04-03
0,2023-04-03
0,2023-04-03
0,2023-04-03
0,2023-04-03
0,2023-04-03
0,2023-04-03
0,2023-04-03
0,2023-04-03
0,2023-04-03
0,2023-04-03
0,2023-04-03
0,2023-04-03
0,2023-04-03
0,2023-04-03
0,2023-04-03
0,2023-04-03
0,2023-04-03
0,2023-04-03
0,2023-04-03
0,2023-04-03
0,2023-04-03
0,2023-04-03
0,2023-04-03
0,2023-04-03
0,2023-04-03
0,2023-04-03
0,2023-04-03
0,2023-04-03
0,2023-04-03
0,2023-04-03
0,2023-04-03
0,2023-04-03
0,2023-04-03
0,2023-04-03
0,2023-04-03
0,2023-04-03
0,2023-04-03
0,2023-04-03
0,2023-04-03
0,2023-04-03
0,2023-04-03
0,2023-04-03
0,2023-04-03
0,2023-04-03
0,2023-04-03
0,2023-04-03
0,2023-04-03
0,2023-04-03
0,2023-04-03
0,2023-04-03
0,2023-04-03
0,2023-04-03
0,2023-04-02
0,2023-04-02
0,2023-04-02
0,2023-04-02
0,2023-04-02
0,2023-04-02
0,2023-04-02
0,2023-04-02
0,2023-04-02
0,2023-04-02
0,2023-04-02
0,2023-04-02
0,2023-04-02
0,2023-04-02
0,2023-04-02
0,2023-04-02
0,2023-04-02
0,2023-04-02
0,2023-04-02
0,2023-04-02
0,2023-04-02
0,2023-04-02
0,2023-04-02
0,2023-04-02
0,2023-04-02
0,2023-04-02
0,2023-04-02
0,2023-04-02
0,2023-04-02
0,2023-04-02
0,2023-04-02
0,2023-04-02
0,2023-04-02
0,2023-04-02
0,2023-04-02
0,2023-04-02
0,2023-04-02
0,2023-04-02
0,2023-04-02
0,2023-04-02
0,2023-04-02
0,2023-04-02
0,2023-04-02
0,2023-04-02
0,2023-04-02
0,2023-04-02
0,2023-04-02
0,2023-04-02
0,2023-04-02
0,2023-04-02
0,2023-04-02
0,2023-04-02
0,2023-04-02
0,2023-04-02
0,2023-04-02
0,2023-04-02
0,2023-04-02
0,2023-04-02
0,2023-04-02
0,2023-04-02
0,2023-04-02
0,2023-04-02
0,2023-04-02
0,2023-04-02
0,2023-04-02
0,2023-04-02
0,2023-04-02
0,2023-04-02
0,2023-04-02
0,2023-04-02
0,2023-04-02
0,2023-04-02
0,2023-04-02
0,2023-04-02
0,2023-04-02
0,2023-04-02
0,2023-04-02
0,2023-04-02
0,2023-04-02
0,2023-04-02
0,2023-04-02
0,2023-04-02
0,2023-04-02
0,2023-04-02
0,2023-04-02
0,2023-04-02
0,2023-04-02
0,2023-04-02
0,2023-04-02
0,2023-04-02
0,2023-04-02
0,2023-04-02
0,2023-04-02
0,2023-04-02
0,2023-04-02
0,2023-04-02
0,2023-04-02
0,2023-04-02
0,2023-04-02
0,2023-04-02
0,2023-04-02
0,2023-04-02
0,2023-04-02
0,2023-04-02
0,2023-04-02
0,2023-04-02
0,2023-04-02
0,2023-04-02
0,2023-04-02
0,2023-04-02
0,2023-04-02
0,2023-04-02
0,2023-04-02
0,2023-04-02
0,2023-04-02
0,2023-04-02
0,2023-04-02
0,2023-04-02
0,2023-04-02
0,2023-04-02
0,2023-04-02
0,2023-04-02
0,2023-04-02
0,2023-04-02
0,2023-04-02
0,2023-04-02
0,2023-04-02
0,2023-04-02
0,2023-04-02
0,2023-04-02
0,2023-04-02
0,2023-04-02
0,2023-04-02
0,2023-04-02
0,2023-04-02
0,2023-04-02
0,2023-04-02
0,2023-04-02
0,2023-04-02
0,2023-04-02
0,2023-04-02
0,2023-04-02
0,2023-04-02
0,2023-04-02
0,2023-04-02
0,2023-04-02
0,2023-04-02
0,2023-04-02
0,2023-04-02
0,2023-04-02
0,2023-04-02
0,2023-04-02
0,2023-04-02
0,2023-04-02
0,2023-04-02
0,2023-04-02
0,2023-04-02
0,2023-04-02
0,2023-04-02
0,2023-04-02
0,2023-04-02
0,2023-04-02
0,2023-04-02
0,2023-04-02
0,2023-04-02
0,2023-04-02
0,2023-04-02
0,2023-04-02
0,2023-04-02
0,2023-04-02
0,2023-04-02
0,2023-04-02
0,2023-04-02
0,2023-04-02
0,2023-04-02
0,2023-04-02
0,2023-04-02
0,2023-04-02
0,2023-04-02
0,2023-04-02
0,2023-04-02
0,2023-04-02
0,2023-04-02
0,2023-04-02
0,2023-04-02
0,2023-04-02
0,2023-04-02
0,2023-04-02
0,2023-04-02
0,2023-04-02
0,2023-04-02
0,2023-04-02
0,2023-04-02
0,2023-04-02
0,2023-04-02
0,2023-04-02
0,2023-04-02
0,2023-04-02
0,2023-04-02
0,2023-04-02
0,2023-04-02
0,2023-04-02
0,2023-04-02
0,2023-04-02
0,2023-04-02
0,2023-04-02
0,2023-04-02
0,2023-04-02
0,2023-04-02
0,2023-04-02
0,2023-04-02
0,2023-04-02
0,2023-04-02
0,2023-04-02
0,2023-04-02
0,2023-04-02
0,2023-04-02
0,2023-04-02
0,2023-04-02
0,2023-04-02
0,2023-04-02
0,2023-04-02
0,2023-04-02
0,2023-04-02
0,2023-04-02
0,2023-04-02
0,2023-04-02
0,2023-04-02
0,2023-04-02
0,2023-04-02
0,2023-04-02
0,2023-04-02
0,2023-04-02
0,2023-04-02
0,2023-04-02
0,2023-04-02
0,2023-04-02
0,2023-04-02
0,2023-04-02
0,2023-04-02
0,2023-04-02
0,2023-04-02
0,2023-04-02
0,2023-04-02
0,2023-04-02
0,2023-04-02
0,2023-04-02
0,2023-04-02
0,2023-04-02
0,2023-04-02
0,2023-04-02
0,2023-04-02
0,2023-04-02
0,2023-04-02
0,2023-04-02
0,2023-04-02
0,2023-04-02
0,2023-04-02
0,2023-04-02
0,2023-04-02
0,2023-04-02
0,2023-04-02
0,2023-04-02
0,2023-04-02
0,2023-04-02
0,2023-04-02
0,2023-04-02
0,2023-04-02
0,2023-04-02
0,2023-04-02
0,2023-04-02
0,2023-04-02
0,2023-04-02
0,2023-04-02
0,2023-04-02
0,2023-04-02
0,2023-04-02
0,2023-04-02
0,2023-04-02
0,2023-04-02
0,2023-04-02
0,2023-04-02
0,2023-04-02
0,2023-04-02
0,2023-04-02
0,2023-04-02
0,2023-04-02
0,2023-04-01
0,2023-04-01
0,2023-04-01
0,2023-04-01
0,2023-04-01
0,2023-04-01
0,2023-04-01
0,2023-04-01
0,2023-04-01
0,2023-04-01
0,2023-04-01
0,2023-04-01
0,2023-04-01
0,2023-04-01
0,2023-04-01
0,2023-04-01
0,2023-04-01
0,2023-04-01
0,2023-04-01
0,2023-04-01
0,2023-04-01
0,2023-04-01
0,2023-04-01
0,2023-04-01
0,2023-04-01
0,2023-04-01
0,2023-04-01
0,2023-04-01
0,2023-04-01
0,2023-04-01
0,2023-04-01
0,2023-04-01
0,2023-04-01
0,2023-04-01
0,2023-04-01
0,2023-04-01
0,2023-04-01
0,2023-04-01
0,2023-04-01
0,2023-04-01
0,2023-04-01
0,2023-04-01
0,2023-04-01
0,2023-04-01
0,2023-04-01
0,2023-04-01
0,2023-04-01
0,2023-04-01
0,2023-04-01
0,2023-04-01
0,2023-04-01
0,2023-04-01
0,2023-04-01
0,2023-04-01
0,2023-04-01
0,2023-04-01
0,2023-04-01
0,2023-04-01
0,2023-04-01
0,2023-04-01
0,2023-04-01
0,2023-04-01
0,2023-04-01
0,2023-04-01
0,2023-04-01
0,2023-04-01
0,2023-04-01
0,2023-04-01
0,2023-04-01
0,2023-04-01
0,2023-04-01
0,2023-04-01
0,2023-04-01
0,2023-04-01
0,2023-04-01
0,2023-04-01
0,2023-04-01
0,2023-04-01
0,2023-04-01
0,2023-04-01
0,2023-04-01
0,2023-04-01
0,2023-04-01
0,2023-04-01
0,2023-04-01
0,2023-04-01
0,2023-04-01
0,2023-04-01
0,2023-04-01
0,2023-04-01
0,2023-04-01
0,2023-04-01
0,2023-04-01
0,2023-04-01
0,2023-04-01
0,2023-04-01
0,2023-04-01
0,2023-04-01
0,2023-04-01
0,2023-04-01
0,2023-04-01
0,2023-04-01
0,2023-04-01
0,2023-04-01
0,2023-04-01
0,2023-04-01
0,2023-04-01
0,2023-04-01
0,2023-04-01
0,2023-04-01
0,2023-04-01
0,2023-04-01
0,2023-04-01
0,2023-04-01
0,2023-04-01
0,2023-04-01
0,2023-04-01
0,2023-04-01
0,2023-04-01
0,2023-04-01
0,2023-04-01
0,2023-04-01
0,2023-04-01
0,2023-04-01
0,2023-04-01
0,2023-04-01
0,2023-04-01
0,2023-04-01
0,2023-04-01
0,2023-04-01
0,2023-04-01
0,2023-04-01
0,2023-04-01
0,2023-04-01
0,2023-04-01
0,2023-04-01
0,2023-04-01
0,2023-04-01
0,2023-04-01
0,2023-04-01
0,2023-04-01
0,2023-04-01
0,2023-04-01
0,2023-04-01
0,2023-04-01
0,2023-04-01
0,2023-04-01
0,2023-04-01
0,2023-04-01
0,2023-04-01
0,2023-04-01
0,2023-04-01
0,2023-04-01
0,2023-04-01
0,2023-04-01
0,2023-04-01
0,2023-04-01
0,2023-04-01
0,2023-04-01
0,2023-04-01
0,2023-04-01
0,2023-04-01
0,2023-04-01
0,2023-04-01
0,2023-04-01
0,2023-04-01
0,2023-04-01
0,2023-04-01
0,2023-04-01
0,2023-04-01
0,2023-04-01
0,2023-04-01
0,2023-04-01
0,2023-04-01
0,2023-04-01
0,2023-04-01
0,2023-04-01
0,2023-04-01
0,2023-04-01
0,2023-04-01
0,2023-04-01
0,2023-04-01
0,2023-04-01
0,2023-04-01
0,2023-04-01
0,2023-04-01
0,2023-04-01
0,2023-04-01
0,2023-04-01
0,2023-04-01
0,2023-04-01
0,2023-04-01
0,2023-04-01
0,2023-04-01
0,2023-04-01
0,2023-04-01
0,2023-04-01
0,2023-04-01
0,2023-04-01
0,2023-04-01
0,2023-04-01
0,2023-04-01
0,2023-04-01
0,2023-04-01
0,2023-04-01
0,2023-04-01
0,2023-04-01
0,2023-04-01
0,2023-04-01
0,2023-04-01
0,2023-04-01
0,2023-04-01
0,2023-04-01
0,2023-04-01
0,2023-04-01
0,2023-04-01
0,2023-04-01
0,2023-04-01
0,2023-04-01
0,2023-04-01
0,2023-04-01
0,2023-04-01
0,2023-04-01
0,2023-04-01
0,2023-04-01
0,2023-04-01
0,2023-04-01
0,2023-04-01
0,2023-04-01
0,2023-04-01
0,2023-04-01
0,2023-04-01
0,2023-04-01
0,2023-04-01
0,2023-04-01
0,2023-04-01
0,2023-04-01
0,2023-04-01
0,2023-04-01
0,2023-04-01
0,2023-04-01
0,2023-04-01
0,2023-04-01
0,2023-04-01
0,2023-04-01
0,2023-04-01
0,2023-04-01
0,2023-04-01
0,2023-04-01
0,2023-04-01
0,2023-04-01
0,2023-04-01
0,2023-04-01
0,2023-04-01
0,2023-04-01
0,2023-04-01
0,2023-04-01
0,2023-04-01
0,2023-04-01
0,2023-04-01
0,2023-04-01
0,2023-04-01
0,2023-04-01
0,2023-04-01
0,2023-04-01
0,2023-04-01
0,2023-04-01
0,2023-04-01
0,2023-04-01
0,2023-04-01
0,2023-04-01
0,2023-04-01
0,2023-04-01
0,2023-04-01
0,2023-04-01
0,2023-04-01
0,2023-04-01
0,2023-04-01
0,2023-04-01
0,2023-04-01
0,2023-04-01
0,2023-04-01
0,2023-04-01
0,2023-04-01
0,2023-04-01
0,2023-04-01
0,2023-04-01
0,2023-04-01
0,2023-03-31
0,2023-03-31
0,2023-03-31
0,2023-03-31
0,2023-03-31
0,2023-03-31
0,2023-03-31
0,2023-03-31
0,2023-03-31
0,2023-03-31
0,2023-03-31
0,2023-03-31
0,2023-03-31
0,2023-03-31
0,2023-03-31
0,2023-03-31
0,2023-03-31
0,2023-03-31
0,2023-03-31
0,2023-03-31
0,2023-03-31
0,2023-03-31
0,2023-03-31
0,2023-03-31
0,2023-03-31
0,2023-03-31
0,2023-03-31
0,2023-03-31
0,2023-03-31
0,2023-03-31
0,2023-03-31
0,2023-03-31
0,2023-03-31
0,2023-03-31
0,2023-03-31
0,2023-03-31
0,2023-03-31
0,2023-03-31
0,2023-03-31
0,2023-03-31
0,2023-03-31
0,2023-03-31
0,2023-03-31
0,2023-03-31
0,2023-03-31
0,2023-03-31
0,2023-03-31
0,2023-03-31
0,2023-03-31
0,2023-03-31
0,2023-03-31
0,2023-03-31
0,2023-03-31
0,2023-03-31
0,2023-03-31
0,2023-03-31
0,2023-03-31
0,2023-03-31
0,2023-03-31
0,2023-03-31
0,2023-03-31
0,2023-03-31
0,2023-03-31
0,2023-03-31
0,2023-03-31
0,2023-03-31
0,2023-03-31
0,2023-03-31
0,2023-03-31
0,2023-03-31
0,2023-03-31
0,2023-03-31
0,2023-03-31
0,2023-03-31
0,2023-03-31
0,2023-03-31
0,2023-03-31
0,2023-03-31
0,2023-03-31
0,2023-03-31
0,2023-03-31
0,2023-03-31
0,2023-03-31
0,2023-03-31
0,2023-03-31
0,2023-03-31
0,2023-03-31
0,2023-03-31
0,2023-03-31
0,2023-03-31
0,2023-03-31
0,2023-03-31
0,2023-03-31
0,2023-03-31
0,2023-03-31
0,2023-03-31
0,2023-03-31
0,2023-03-31
0,2023-03-31
0,2023-03-31
0,2023-03-31
0,2023-03-31
0,2023-03-31
0,2023-03-31
0,2023-03-31
0,2023-03-31
0,2023-03-31
0,2023-03-31
0,2023-03-31
0,2023-03-31
0,2023-03-31
0,2023-03-31
0,2023-03-31
0,2023-03-31
0,2023-03-31
0,2023-03-31
0,2023-03-31
0,2023-03-31
0,2023-03-31
0,2023-03-31
0,2023-03-31
0,2023-03-31
0,2023-03-31
0,2023-03-31
0,2023-03-31
0,2023-03-31
0,2023-03-31
0,2023-03-31
0,2023-03-31
0,2023-03-31
0,2023-03-31
0,2023-03-31
0,2023-03-31
0,2023-03-31
0,2023-03-31
0,2023-03-31
0,2023-03-31
0,2023-03-31
0,2023-03-31
0,2023-03-31
0,2023-03-31
0,2023-03-31
0,2023-03-31
0,2023-03-31
0,2023-03-31
0,2023-03-31
0,2023-03-31
0,2023-03-31
0,2023-03-31
0,2023-03-31
0,2023-03-31
0,2023-03-31
0,2023-03-31
0,2023-03-31
0,2023-03-31
0,2023-03-31
0,2023-03-31
0,2023-03-31
0,2023-03-31
0,2023-03-31
0,2023-03-31
0,2023-03-31
0,2023-03-31
0,2023-03-31
0,2023-03-31
0,2023-03-31
0,2023-03-31
0,2023-03-31
0,2023-03-31
0,2023-03-31
0,2023-03-31
0,2023-03-31
0,2023-03-31
0,2023-03-31
0,2023-03-31
0,2023-03-31
0,2023-03-31
0,2023-03-31
0,2023-03-31
0,2023-03-31
0,2023-03-31
0,2023-03-31
0,2023-03-31
0,2023-03-31
0,2023-03-31
0,2023-03-31
0,2023-03-31
0,2023-03-31
0,2023-03-31
0,2023-03-31
0,2023-03-31
0,2023-03-31
0,2023-03-31
0,2023-03-31
0,2023-03-31
0,2023-03-31
0,2023-03-31
0,2023-03-31
0,2023-03-31
0,2023-03-31
0,2023-03-31
0,2023-03-31
0,2023-03-31
0,2023-03-31
0,2023-03-31
0,2023-03-31
0,2023-03-31
0,2023-03-31
0,2023-03-31
0,2023-03-31
0,2023-03-31
0,2023-03-31
0,2023-03-31
0,2023-03-31
0,2023-03-31
0,2023-03-31
0,2023-03-31
0,2023-03-31
0,2023-03-31
0,2023-03-31
0,2023-03-31
0,2023-03-31
0,2023-03-31
0,2023-03-31
0,2023-03-31
0,2023-03-31
0,2023-03-31
0,2023-03-31
0,2023-03-31
0,2023-03-31
0,2023-03-31
0,2023-03-31
0,2023-03-31
0,2023-03-31
0,2023-03-31
0,2023-03-31
0,2023-03-31
0,2023-03-31
0,2023-03-31
0,2023-03-31
0,2023-03-31
0,2023-03-31
0,2023-03-31
0,2023-03-31
0,2023-03-31
0,2023-03-31
0,2023-03-31
0,2023-03-31
0,2023-03-31
0,2023-03-31
0,2023-03-31
0,2023-03-31
0,2023-03-31
0,2023-03-31
0,2023-03-31
0,2023-03-31
0,2023-03-31
0,2023-03-31
0,2023-03-31
0,2023-03-31
0,2023-03-31
0,2023-03-31
0,2023-03-31
0,2023-03-31
0,2023-03-31
0,2023-03-31
0,2023-03-31
0,2023-03-31
0,2023-03-31
0,2023-03-31
0,2023-03-31
0,2023-03-31
0,2023-03-31
0,2023-03-31
0,2023-03-31
0,2023-03-31
0,2023-03-31
0,2023-03-31
0,2023-03-31
0,2023-03-31
0,2023-03-31
0,2023-03-31
0,2023-03-31
0,2023-03-31
0,2023-03-31
0,2023-03-31
0,2023-03-31
0,2023-03-31
0,2023-03-30
0,2023-03-30
0,2023-03-30
0,2023-03-30
0,2023-03-30
0,2023-03-30
0,2023-03-30
0,2023-03-30
0,2023-03-30
0,2023-03-30
0,2023-03-30
0,2023-03-30
0,2023-03-30
0,2023-03-30
0,2023-03-30
0,2023-03-30
0,2023-03-30
0,2023-03-30
0,2023-03-30
0,2023-03-30
0,2023-03-30
0,2023-03-30
0,2023-03-30
0,2023-03-30
0,2023-03-30
0,2023-03-30
0,2023-03-30
0,2023-03-30
0,2023-03-30
0,2023-03-30
0,2023-03-30
0,2023-03-30
0,2023-03-30
0,2023-03-30
0,2023-03-30
0,2023-03-30
0,2023-03-30
0,2023-03-30
0,2023-03-30
0,2023-03-30
0,2023-03-30
0,2023-03-30
0,2023-03-30
0,2023-03-30
0,2023-03-30
0,2023-03-30
0,2023-03-30
0,2023-03-30
0,2023-03-30
0,2023-03-30
0,2023-03-30
0,2023-03-30
0,2023-03-30
0,2023-03-30
0,2023-03-30
0,2023-03-30
0,2023-03-30
0,2023-03-30
0,2023-03-30
0,2023-03-30
0,2023-03-30
0,2023-03-30
0,2023-03-30
0,2023-03-30
0,2023-03-30
0,2023-03-30
0,2023-03-30
0.01,2023-03-30
0,2023-03-30
0,2023-03-30
0,2023-03-30
0,2023-03-30
0,2023-03-30
0,2023-03-30
0,2023-03-30
0,2023-03-30
0,2023-03-30
0,2023-03-30
0,2023-03-30
0,2023-03-30
0,2023-03-30
0,2023-03-30
0,2023-03-30
0,2023-03-30
0,2023-03-30
0,2023-03-30
0,2023-03-30
0,2023-03-30
0,2023-03-30
0,2023-03-30
0,2023-03-30
0,2023-03-30
0,2023-03-30
0,2023-03-30
0,2023-03-30
0,2023-03-30
0,2023-03-30
0,2023-03-30
0,2023-03-30
0,2023-03-30
0,2023-03-30
0,2023-03-30
0,2023-03-30
0,2023-03-30
0,2023-03-30
0,2023-03-30
0,2023-03-30
0.01,2023-03-30
0,2023-03-30
0,2023-03-30
0,2023-03-30
0,2023-03-30
0,2023-03-30
0.01,2023-03-30
0,2023-03-30
0,2023-03-30
0,2023-03-30
0,2023-03-30
0,2023-03-30
0,2023-03-30
0.01,2023-03-30
0,2023-03-30
0,2023-03-30
0.01,2023-03-30
0,2023-03-30
0,2023-03-30
0,2023-03-30
0,2023-03-30
0,2023-03-30
0.01,2023-03-30
0,2023-03-30
0,2023-03-30
0,2023-03-30
0,2023-03-30
0,2023-03-30
0.01,2023-03-30
0,2023-03-30
0,2023-03-30
0,2023-03-30
0,2023-03-30
0,2023-03-30
0,2023-03-30
0,2023-03-30
0,2023-03-30
0,2023-03-30
0,2023-03-30
0,2023-03-30
0,2023-03-30
0,2023-03-30
0,2023-03-30
0.01,2023-03-30
0,2023-03-30
0,2023-03-30
0,2023-03-30
0,2023-03-30
0,2023-03-30
0,2023-03-30
0,2023-03-30
0,2023-03-30
0,2023-03-30
0,2023-03-30
0,2023-03-30
0,2023-03-30
0,2023-03-30
0,2023-03-30
0,2023-03-30
0,2023-03-30
0,2023-03-30
0,2023-03-30
0,2023-03-30
0,2023-03-30
0,2023-03-30
0,2023-03-30
0,2023-03-30
0,2023-03-30
0,2023-03-30
0,2023-03-30
0,2023-03-30
0,2023-03-30
0,2023-03-30
0,2023-03-30
0,2023-03-30
0,2023-03-30
0,2023-03-30
0,2023-03-30
0,2023-03-30
0,2023-03-30
0,2023-03-30
0,2023-03-30
0,2023-03-30
0,2023-03-30
0,2023-03-30
0,2023-03-30
0,2023-03-30
0,2023-03-30
0,2023-03-30
0,2023-03-30
0,2023-03-30
0,2023-03-30
0,2023-03-30
0,2023-03-30
0,2023-03-30
0,2023-03-30
0,2023-03-30
0,2023-03-30
0,2023-03-30
0,2023-03-30
0,2023-03-30
0,2023-03-30
0,2023-03-30
0,2023-03-30
0,2023-03-30
0,2023-03-30
0,2023-03-30
0,2023-03-30
0,2023-03-30
0,2023-03-30
0,2023-03-30
0,2023-03-30
0,2023-03-30
0,2023-03-30
0,2023-03-30
0,2023-03-30
0,2023-03-30
0,2023-03-30
0,2023-03-30
0,2023-03-30
0,2023-03-30
0,2023-03-30
0,2023-03-30
0,2023-03-30
0,2023-03-30
0,2023-03-30
0,2023-03-30
0,2023-03-30
0,2023-03-30
0,2023-03-30
0,2023-03-30
0,2023-03-30
0,2023-03-30
0,2023-03-30
0,2023-03-30
0,2023-03-30
0,2023-03-30
0,2023-03-30
0,2023-03-30
0,2023-03-30
0,2023-03-30
0,2023-03-30
0,2023-03-30
0,2023-03-30
0,2023-03-30
0,2023-03-30
0,2023-03-30
0,2023-03-30
0,2023-03-30
0,2023-03-30
0,2023-03-30
0,2023-03-30
0,2023-03-30
0,2023-03-30
0,2023-03-30
0,2023-03-30
0,2023-03-30
0,2023-03-30
0,2023-03-30
0,2023-03-30
0,2023-03-30
0,2023-03-30
0,2023-03-30
0,2023-03-30
0,2023-03-30
0,2023-03-30
0,2023-03-30
0,2023-03-30
0,2023-03-30
0,2023-03-30
0,2023-03-30
0,2023-03-30
0,2023-03-30
0,2023-03-30
0,2023-03-30
0,2023-03-30
0,2023-03-30
0,2023-03-30
0,2023-03-30
0,2023-03-30
0,2023-03-30
0,2023-03-29
0,2023-03-29
0,2023-03-29
0,2023-03-29
0,2023-03-29
0,2023-03-29
0,2023-03-29
0,2023-03-29
0,2023-03-29
0,2023-03-29
0,2023-03-29
0,2023-03-29
0,2023-03-29
0,2023-03-29
0,2023-03-29
0,2023-03-29
0,2023-03-29
0,2023-03-29
0,2023-03-29
0,2023-03-29
0,2023-03-29
0,2023-03-29
0,2023-03-29
0,2023-03-29
0,2023-03-29
0,2023-03-29
0,2023-03-29
0,2023-03-29
0,2023-03-29
0,2023-03-29
0,2023-03-29
0,2023-03-29
0,2023-03-29
0,2023-03-29
0,2023-03-29
0,2023-03-29
0,2023-03-29
0,2023-03-29
0,2023-03-29
0,2023-03-29
0,2023-03-29
0,2023-03-29
0,2023-03-29
0,2023-03-29
0,2023-03-29
0,2023-03-29
0,2023-03-29
0,2023-03-29
0,2023-03-29
0,2023-03-29
0,2023-03-29
0,2023-03-29
0,2023-03-29
0,2023-03-29
0,2023-03-29
0,2023-03-29
0,2023-03-29
0,2023-03-29
0,2023-03-29
0,2023-03-29
0,2023-03-29
0,2023-03-29
0,2023-03-29
0,2023-03-29
0,2023-03-29
0,2023-03-29
0,2023-03-29
0,2023-03-29
0,2023-03-29
0,2023-03-29
0,2023-03-29
0,2023-03-29
0,2023-03-29
0,2023-03-29
0,2023-03-29
0,2023-03-29
0,2023-03-29
0,2023-03-29
0,2023-03-29
0,2023-03-29
0,2023-03-29
0,2023-03-29
0,2023-03-29
0,2023-03-29
0,2023-03-29
0,2023-03-29
0,2023-03-29
0,2023-03-29
0,2023-03-29
0,2023-03-29
0,2023-03-29
0,2023-03-29
0,2023-03-29
0,2023-03-29
0,2023-03-29
0,2023-03-29
0,2023-03-29
0,2023-03-29
0,2023-03-29
0,2023-03-29
0,2023-03-29
0,2023-03-29
0,2023-03-29
0,2023-03-29
0,2023-03-29
0,2023-03-29
0,2023-03-29
0,2023-03-29
0,2023-03-29
0,2023-03-29
0,2023-03-29
0,2023-03-29
0,2023-03-29
0,2023-03-29
0,2023-03-29
0,2023-03-29
0,2023-03-29
0,2023-03-29
0,2023-03-29
0,2023-03-29
0,2023-03-29
0,2023-03-29
0,2023-03-29
0,2023-03-29
0,2023-03-29
0,2023-03-29
0,2023-03-29
0,2023-03-29
0,2023-03-29
0,2023-03-29
0,2023-03-29
0,2023-03-29
0,2023-03-29
0,2023-03-29
0,2023-03-29
0,2023-03-29
0,2023-03-29
0,2023-03-29
0,2023-03-29
0,2023-03-29
0,2023-03-29
0,2023-03-29
0,2023-03-29
0,2023-03-29
0,2023-03-29
0,2023-03-29
0,2023-03-29
0,2023-03-29
0,2023-03-29
0,2023-03-29
0,2023-03-29
0,2023-03-29
0,2023-03-29
0,2023-03-29
0,2023-03-29
0,2023-03-29
0,2023-03-29
0,2023-03-29
0,2023-03-29
0,2023-03-29
0,2023-03-29
0,2023-03-29
0,2023-03-29
0,2023-03-29
0,2023-03-29
0,2023-03-29
0,2023-03-29
0,2023-03-29
0,2023-03-29
0,2023-03-29
0,2023-03-29
0,2023-03-29
0,2023-03-29
0,2023-03-29
0,2023-03-29
0,2023-03-29
0,2023-03-29
0,2023-03-29
0,2023-03-29
0,2023-03-29
0,2023-03-29
0,2023-03-29
0,2023-03-29
0,2023-03-29
0,2023-03-29
0,2023-03-29
0,2023-03-29
0,2023-03-29
0,2023-03-29
0,2023-03-29
0,2023-03-29
0,2023-03-29
0,2023-03-29
0,2023-03-29
0,2023-03-29
0,2023-03-29
0,2023-03-29
0,2023-03-29
0,2023-03-29
0,2023-03-29
0,2023-03-29
0,2023-03-29
0,2023-03-29
0,2023-03-29
0,2023-03-29
0,2023-03-29
0,2023-03-29
0,2023-03-29
0,2023-03-29
0,2023-03-29
0,2023-03-29
0,2023-03-29
0,2023-03-29
0,2023-03-29
0,2023-03-29
0,2023-03-29
0,2023-03-29
0,2023-03-29
0,2023-03-29
0,2023-03-29
0,2023-03-29
0,2023-03-29
0,2023-03-29
0,2023-03-29
0,2023-03-29
0,2023-03-29
0,2023-03-29
0,2023-03-29
0,2023-03-29
0,2023-03-29
0,2023-03-29
0,2023-03-29
0,2023-03-29
0,2023-03-29
0,2023-03-29
0,2023-03-29
0,2023-03-29
0,2023-03-29
0,2023-03-29
0,2023-03-29
0,2023-03-29
0,2023-03-29
0,2023-03-29
0,2023-03-29
0,2023-03-29
0,2023-03-29
0,2023-03-29
0,2023-03-29
0,2023-03-29
0,2023-03-29
0,2023-03-29
0,2023-03-29
0,2023-03-29
0,2023-03-29
0,2023-03-29
0,2023-03-29
0,2023-03-29
0,2023-03-29
0,2023-03-29
0,2023-03-29
0,2023-03-29
0,2023-03-29
0,2023-03-29
0,2023-03-29
0,2023-03-29
0,2023-03-29
0,2023-03-29
0,2023-03-29
0,2023-03-29
0,2023-03-29
0,2023-03-29
0,2023-03-29
0,2023-03-29
0,2023-03-29
0,2023-03-29
0,2023-03-29
0,2023-03-29
0,2023-03-29
0,2023-03-29
0,2023-03-29
0,2023-03-29
0,2023-03-29
0,2023-03-29
0.01,2023-03-29
0.01,2023-03-29
0.01,2023-03-29
0,2023-03-29
0.01,2023-03-29
0,2023-03-28
0.01,2023-03-28
0,2023-03-28
0,2023-03-28
0,2023-03-28
0,2023-03-28
0,2023-03-28
0,2023-03-28
0,2023-03-28
0,2023-03-28
0,2023-03-28
0,2023-03-28
0,2023-03-28
0,2023-03-28
0,2023-03-28
0,2023-03-28
0,2023-03-28
0,2023-03-28
0,2023-03-28
0,2023-03-28
0,2023-03-28
0,2023-03-28
0,2023-03-28
0,2023-03-28
0,2023-03-28
0,2023-03-28
0,2023-03-28
0,2023-03-28
0,2023-03-28
0,2023-03-28
0,2023-03-28
0,2023-03-28
0,2023-03-28
0,2023-03-28
0,2023-03-28
0,2023-03-28
0,2023-03-28
0,2023-03-28
0,2023-03-28
0,2023-03-28
0,2023-03-28
0,2023-03-28
0,2023-03-28
0,2023-03-28
0,2023-03-28
0,2023-03-28
0,2023-03-28
0,2023-03-28
0,2023-03-28
0,2023-03-28
0,2023-03-28
0,2023-03-28
0,2023-03-28
0,2023-03-28
0,2023-03-28
0,2023-03-28
0,2023-03-28
0,2023-03-28
0,2023-03-28
0,2023-03-28
0,2023-03-28
0,2023-03-28
0,2023-03-28
0,2023-03-28
0,2023-03-28
0,2023-03-28
0,2023-03-28
0,2023-03-28
0,2023-03-28
0,2023-03-28
0,2023-03-28
0,2023-03-28
0,2023-03-28
0,2023-03-28
0,2023-03-28
0,2023-03-28
0,2023-03-28
0,2023-03-28
0,2023-03-28
0,2023-03-28
0,2023-03-28
0,2023-03-28
0,2023-03-28
0,2023-03-28
0,2023-03-28
0,2023-03-28
0,2023-03-28
0,2023-03-28
0,2023-03-28
0,2023-03-28
0,2023-03-28
0,2023-03-28
0,2023-03-28
0,2023-03-28
0,2023-03-28
0,2023-03-28
0,2023-03-28
0,2023-03-28
0,2023-03-28
0,2023-03-28
0,2023-03-28
0,2023-03-28
0,2023-03-28
0,2023-03-28
0,2023-03-28
0,2023-03-28
0,2023-03-28
0,2023-03-28
0,2023-03-28
0,2023-03-28
0,2023-03-28
0,2023-03-28
0,2023-03-28
0,2023-03-28
0,2023-03-28
0,2023-03-28
0,2023-03-28
0,2023-03-28
0,2023-03-28
0,2023-03-28
0,2023-03-28
0,2023-03-28
0,2023-03-28
0,2023-03-28
0,2023-03-28
0,2023-03-28
0,2023-03-28
0,2023-03-28
0,2023-03-28
0,2023-03-28
0,2023-03-28
0,2023-03-28
0,2023-03-28
0,2023-03-28
0,2023-03-28
0,2023-03-28
0,2023-03-28
0,2023-03-28
0,2023-03-28
0,2023-03-28
0,2023-03-28
0,2023-03-28
0,2023-03-28
0,2023-03-28
0,2023-03-28
0,2023-03-28
0,2023-03-28
0,2023-03-28
0,2023-03-28
0,2023-03-28
0,2023-03-28
0,2023-03-28
0,2023-03-28
0,2023-03-28
0,2023-03-28
0,2023-03-28
0,2023-03-28
0,2023-03-28
0,2023-03-28
0,2023-03-28
0,2023-03-28
0,2023-03-28
0,2023-03-28
0,2023-03-28
0,2023-03-28
0,2023-03-28
0,2023-03-28
0,2023-03-28
0,2023-03-28
0,2023-03-28
0,2023-03-28
0,2023-03-28
0,2023-03-28
0,2023-03-28
0,2023-03-28
0,2023-03-28
0,2023-03-28
0,2023-03-28
0,2023-03-28
0,2023-03-28
0,2023-03-28
0,2023-03-28
0,2023-03-28
0,2023-03-28
0,2023-03-28
0,2023-03-28
0,2023-03-28
0,2023-03-28
0,2023-03-28
0,2023-03-28
0,2023-03-28
0,2023-03-28
0,2023-03-28
0,2023-03-28
0,2023-03-28
0,2023-03-28
0,2023-03-28
0,2023-03-28
0,2023-03-28
0,2023-03-28
0,2023-03-28
0,2023-03-28
0,2023-03-28
0,2023-03-28
0,2023-03-28
0,2023-03-28
0,2023-03-28
0,2023-03-28
0,2023-03-28
0,2023-03-28
0,2023-03-28
0,2023-03-28
0,2023-03-28
0,2023-03-28
0,2023-03-28
0,2023-03-28
0,2023-03-28
0,2023-03-28
0,2023-03-28
0,2023-03-28
0,2023-03-28
0,2023-03-28
0,2023-03-28
0,2023-03-28
0,2023-03-28
0,2023-03-28
0,2023-03-28
0,2023-03-28
0,2023-03-28
0,2023-03-28
0,2023-03-28
0,2023-03-28
0,2023-03-28
0,2023-03-28
0,2023-03-28
0,2023-03-28
0,2023-03-28
0,2023-03-28
0,2023-03-28
0,2023-03-28
0,2023-03-28
0,2023-03-28
0,2023-03-28
0,2023-03-28
0,2023-03-28
0,2023-03-28
0,2023-03-28
0,2023-03-28
0,2023-03-28
0,2023-03-28
0,2023-03-28
0,2023-03-28
0,2023-03-28
0,2023-03-28
0,2023-03-28
0,2023-03-28
0,2023-03-28
0,2023-03-28
0,2023-03-28
0,2023-03-28
0,2023-03-28
0,2023-03-28
0,2023-03-28
0,2023-03-28
0,2023-03-28
0,2023-03-28
0,2023-03-28
0,2023-03-28
0,2023-03-28
0,2023-03-28
0,2023-03-28
0,2023-03-28
0,2023-03-28
0,2023-03-28
0,2023-03-28
0,2023-03-28
0,2023-03-28
0,2023-03-28
0,2023-03-28
0,2023-03-28
0,2023-03-28
0,2023-03-28
0,2023-03-28
0,2023-03-28
0,2023-03-28
0,2023-03-28
0,2023-03-28
0,2023-03-27
0,2023-03-27
0,2023-03-27
0,2023-03-27
0,2023-03-27
0,2023-03-27
0,2023-03-27
0,2023-03-27
0,2023-03-27
0,2023-03-27
0,2023-03-27
0,2023-03-27
0,2023-03-27
0,2023-03-27
0,2023-03-27
0,2023-03-27
0,2023-03-27
0,2023-03-27
0,2023-03-27
0,2023-03-27
0,2023-03-27
0,2023-03-27
0,2023-03-27
